<?xml version="1.0" encoding="UTF-8" standalone="no"?>
<connections>

<connection name="mp8ys220">
<host>slc02etv.us.oracle.com</host>
<port>1521</port>
<sid>mp8ys220</sid>
<user>apps</user>
<password>apps</password>
</connection>

<connection name="moays220">
<host>rws3260541.us.oracle.com</host>
<port>1521</port>
<sid>moays220</sid>
<user>apps</user>
<password>apps</password>
</connection>

<connection name="mv6ys220">
<host>1</host>
<port>1</port>
<sid>mv6ys220</sid>
<user>1</user>
<password>1</password>
</connection>

<connection name="mp9ys220">
<host>rws3270085.us.oracle.com</host>
<port>1521</port>
<sid>mp9ys220</sid>
<user>apps</user>
<password>apps</password>
</connection>


<connection name="mz3st220">
<host>1</host>
<port>1</port>
<sid>mz3st220</sid>
<user>1</user>
<password>1</password>
</connection>
<connection name="az1mu213">
<host>2</host>
<port>2</port>
<sid>az1mu213</sid>
<user>1</user>
<password>1</password>
</connection>
<connection name="az1mq213">
<host>2</host>
<port>2</port>
<sid>az1mq213</sid>
<user>1</user>
<password>1</password>
</connection>
<connection name="mm0yd213">
<host>mm0yd213</host>
<port>1</port>
<sid>mm0yd213</sid>
<user>1`</user>
<password>1</password>
</connection>

<connection name="mobys220">
<host>rws3270087.us.oracle.com</host>
<port>1521</port>
<sid>mobys220</sid>
<user>apps</user>
<password>apps</password>
</connection>
<connection name="mofys220">
<host>rws3270089.us.oracle.com</host>
<port>1521</port>
<sid>mofys220</sid>
<user>apps</user>
<password>apps</password>
</connection>
<connection name="moiys220">
<host>rws3270121.us.oracle.com</host>
<port>1521</port>
<sid>moiys220</sid>
<user>apps</user>
<password>apps</password>
</connection>
<connection name="mpeys220">
<host>rws3260544.us.oracle.com</host>
<port>1521</port>
<sid>mpeys220</sid>
<user>apps</user>
<password>apps</password>
</connection>

<connection name="mvdys220">
<host>rws3260200.us.oracle.com</host>
<port>1521</port>
<sid>mvdys220</sid>
<user>apps</user>
<password>apps</password>
</connection>
</connections>
