{
	"vmSpecifications": 
	[
		{
			"numVM"			: 1,
			"numCPU"		: 2,
			"memSizeGB"		: 3,
			"diskSizeGB"	: 20		
		}
	],
	"containerSpecifications": 
	[
		{
			"virtType"		: "VMWARE",
			"type"			: "VCENTER",
			"vcenterName"	: "SVSCSAVC01.svs.hpeswlab.net",
			"datacenterName": "DC",
			"clusterName"	: "CSA_Cluster2"
		},
		{
               "virtType" 	: "VMWARE",
               "type" 		: "HOST",
               "hostName" 	: "SVSCSABR16B01.svs.hpeswlab.net"
        }
	]
    
}
