{
  "@type": "urn:x-hp:2012:software:cloud:data_model:resource_provider",
  "@self": "/csa/api/resource/provider/40288167538b641601539eb113d46844",
  "name": "API Demo vCenter",
  "@created": "2016-03-22T14:18:38.420Z",
  "@modified": "2016-03-22T14:18:38.420Z",
  "access_point": {
    "password": "welcome",
    "uri": "https://vcenterurl:443",
    "username": "vcenter_user"
  },
  "ext": {
    "csa_critical_system_object": false,
    "csa_name_key": "API vCenter"
  },
  "icon": "/csa/api/blobstore/vmware_vcenter.png?tag=categories&tag=provider_type",
  "description": "API vCenter server for Demo",
  "type": {
    "ext": {
      "csa_critical_system_object": true,
      "csa_name_key": "VMWARE_VCENTER"
    },
    "@type": "urn:x-hp:2012:software:cloud:data_model:provider_type",
    "@self": "/csa/api/resource/provider/type/90d96588360da0c701360da0ee93000f",
    "name": "VMware vCenter",
    "icon": "/csa/api/blobstore/vmware_vcenter.png?tag=categories&tag=provider_type",
    "description": "VMware vCenter Server provides a centralized platform for managing your VMware vSphere environments so you can automate and deliver a virtual infrastructure."
  },
  "enabled": true
}