{
  "@type"					: "urn:x-hp:2012:software:cloud:data_model:catalog:item",
  
  "service_offering"		: 
  {
    "@self"					: "/csa/api/service/offering/<<OfferingID>>"
  },
  "categories"				: 
  [
    {
      "@self"				: "/csa/api/category/<<CategoryID>>"
    }
  ],
  "catalog"					: 
  {
    "@self"					: "/csa/api/catalog/<<CatalogID>>",
    "@type"					: "urn:x-hp:2012:software:cloud:data_model:catalog",
    "icon"					: "/csa/api/blobstore/briefcase-consumer_default_img-60.png?tag=library",
	"@content_version"		: 2,
    "global"				: true,
    "name"					: "<<CatalogName>>",
    "description"			: "<<CatalogName>>",
	
    "ext": 
	{
      "csa_name_key"		: "<<CatalogName>>"
    },
    "categories"			: 
	{
      "@filter"				: "/csa/api/catalog/<<CatalogID>>/category/filter"
    },
    "approval_policies"		:
	{
      "@self"				: "/csa/api/catalog/approval/",
      "@total_results"		: 1,
      "members"				: 
	  [
        {
          "@self"			: "/csa/api/catalog/approval/90e795425475f42001549e8077fe52a6",
          "@type"			: "urn:x-hp:2012:software:cloud:data_model:catalog:approval:user",
          "name"			: "No Approval",
          "description"		: null,
		  "selected"		: true,
          "minimumApprovals": 0,
          "minimumDenials"	: 0,
		  "@content_version": 1,
          "ext"				: 
		  {
            "csa_name_key"	: "NO_APPROVAL"
          },          
          "organization"	:
		  {
            "@self"			: "/csa/api/organization/<<OrganizationID>>",
            "@type"			: "urn:x-hp:2012:software:cloud:data_model:organization",
            "name"			: "<<OrganizationName>>"
          },
          "automation"		: 
		  {
            "enabled"		: true,
            "replyType"		: "Approved",
            "waitTime"		: 0
          },
          "approvers"		: 
		  {
            "@type"			: "urn:x-hp:2012:software:cloud:data_model:person:collection",
            "@total_results": 0,
            "members"		: []
          }
        }
      ]
    }
  }
}