{
  "categoryName"		: "APPLICATION_SERVERS",
  "subscriptionName"	: "<<SubscriptionName>>",
  "startDate"			: "2016-08-18T09:17:15.000Z",
  "action"				: "ORDER",
  "fields": {
    "field_90e7957e564b64c301569d04db726bd3": false,
    "field_90e7957e564b64c301569d04db736bd4": 2048,
    "field_90e7957e564b64c301569d04db746bd9": 1,
    "field_90e7957e564b64c301569d04db756bdd": true,
    "field_90e7957e564b64c301569d04db766bde": 4096,
    "field_90e7957e564b64c301569d04db776be3": 2,
    "field_90e7957e564b64c301569d04db786be7": false,
    "field_90e7957e564b64c301569d04db796be8": 8192,	
    "field_90e7957e564b64c301569d04db7a6bed": 4,
    "field_90e7957e564b64c301569d04db7b6bf2": false,
    "field_90e7957e564b64c301569d04db7c6bf3": "MiniLIT-Unit",
    "field_90e7957e564b64c301569d04db7d6bf7": "LinuxVM",
    "field_90e7957e564b64c301569d04db7e6bfb": "useVmName_Linux",
    "field_90e7957e564b64c301569d04db7f6bff": "/LinuxInstances",
    "field_90e7957e564b64c301569d04db806c03": "RHEL62x64-1NIC",
    "field_90e7957e564b64c301569d04db816c07": true,
    "field_90e7957e564b64c301569d04db826c08": "MiniLIT-Unit",
    "field_90e7957e564b64c301569d04db836c0c": "WinVM",
    "field_90e7957e564b64c301569d04db846c10": "CSA_2008R2",
    "field_90e7957e564b64c301569d04db856c14": "/WinInstances",
    "field_90e7957e564b64c301569d04db866c18": "2008R2"
  },
  "pricing": 
  {
	"field_90e7957e564b64c301569d04db726bd3": {"initPrice": 0,"recurringPrice": 0},
    "field_90e7957e564b64c301569d04db736bd4": {"initPrice": 0,"recurringPrice": 0},
    "field_90e7957e564b64c301569d04db746bd9": {"initPrice": 0,"recurringPrice": 0},
    "field_90e7957e564b64c301569d04db756bdd": {"initPrice": 0,"recurringPrice": 0},
    "field_90e7957e564b64c301569d04db766bde": {"initPrice": 0,"recurringPrice": 0},
    "field_90e7957e564b64c301569d04db776be3": {"initPrice": 0,"recurringPrice": 0},
    "field_90e7957e564b64c301569d04db786be7": {"initPrice": 0,"recurringPrice": 0},
    "field_90e7957e564b64c301569d04db796be8": {"initPrice": 0,"recurringPrice": 0},
    "field_90e7957e564b64c301569d04db7a6bed": {"initPrice": 0,"recurringPrice": 0},
    "field_90e7957e564b64c301569d04db7b6bf2": {"initPrice": 0,"recurringPrice": 0},
    "field_90e7957e564b64c301569d04db7c6bf3": {"initPrice": null,"recurringPrice": null},
    "field_90e7957e564b64c301569d04db7d6bf7": {"initPrice": null,"recurringPrice": null},
    "field_90e7957e564b64c301569d04db7e6bfb": {"initPrice": null,"recurringPrice": null},
    "field_90e7957e564b64c301569d04db7f6bff": {"initPrice": null,"recurringPrice": null},
    "field_90e7957e564b64c301569d04db806c03": {"initPrice": null,"recurringPrice": null},
    "field_90e7957e564b64c301569d04db816c07": {"initPrice": 0,"recurringPrice": 0},
    "field_90e7957e564b64c301569d04db826c08": {"initPrice": null,"recurringPrice": null},
    "field_90e7957e564b64c301569d04db836c0c": {"initPrice": null,"recurringPrice": null},
    "field_90e7957e564b64c301569d04db846c10": {"initPrice": null,"recurringPrice": null},
    "field_90e7957e564b64c301569d04db856c14": {"initPrice": null,"recurringPrice": null},
    "field_90e7957e564b64c301569d04db866c18": {"initPrice": null,"recurringPrice": null
    }
  }
  
}