{
	"categoryName"		: "<<CategoryName>>",
	"subscriptionName"	: "<<SubscriptionName>>",
	"startDate"			: "2016-08-18T15:15:52.000Z",
	"action"			: "ORDER",
	"fields"			: 
	{
		"<<Field1>>"	: true,
		"<<Field2>>"	: "us-west-2",
		"<<Field3>>"	: "a",
		"<<Field4>>"	: "test",
		"<<Field5>>"	: "Amazon Linux#us-west-2",
		"<<Field6>>"	: "ami-3c31bf0c",
		"<<Field7>>"	: "t1.micro",
		"<<Field8>>"	: 1
	},
	"pricing": 
	{
		"<<Field1>>"	: {"initPrice": 0,"recurringPrice": 0},
		"<<Field2>>"	: {"initPrice": 0,"recurringPrice": 0},
		"<<Field3>>"	: {"initPrice": 0,"recurringPrice": 0},
		"<<Field4>>"	: {"initPrice": 0,"recurringPrice": 0},
		"<<Field5>>"	: {"initPrice": 0,"recurringPrice": 0},
		"<<Field6>>"	: {"initPrice": 0,"recurringPrice": 0},
		"<<Field7>>"	: {"initPrice": 0,"recurringPrice": 0},
		"<<Field8>>"	: {"initPrice": 0,"recurringPrice": 0}
	}
}