{
  "categoryName"		: "APPLICATION_SERVERS",
  "subscriptionName"	: "<<SubscriptionName>>",
  "startDate"			: "2016-08-18T09:17:15.000Z",
  "action"				: "ORDER",
  "fields":
  {
    "<<Field1>>"	: true,
    "<<Field2>>"	: 2048,
    "<<Field3>>"	: 1,
    "<<Field4>>"	: false,
    "<<Field5>>"	: 4096,
    "<<Field6>>"	: 1,
    "<<Field7>>"	: false,
    "<<Field8>>"	: 8192,	
    "<<Field9>>"	: 1,
    "<<Field10>>"	: true,
    "<<Field11>>"	: "DC",
    "<<Field12>>"	: "APILinux_",
    "<<Field13>>"	: "useVmName_Linux",
    "<<Field14>>"	: "/OTSI",
    "<<Field15>>"	: "RHEL6-DEMO",
    "<<Field16>>"	: false,
    "<<Field17>>"	: "",
    "<<Field18>>"	: "",
    "<<Field19>>"	: "",
    "<<Field20>>"	: "",
    "<<Field21>>"	: ""
  },
  "pricing": 
  {
    "<<Field1>>"	: {"initPrice": 0,		"recurringPrice": 0},
    "<<Field2>>"	: {"initPrice": 0,		"recurringPrice": 0},
    "<<Field3>>"	: {"initPrice": 0,		"recurringPrice": 0},
    "<<Field4>>"	: {"initPrice": 0,		"recurringPrice": 0},
    "<<Field5>>"	: {"initPrice": 0,		"recurringPrice": 0},
    "<<Field6>>"	: {"initPrice": 0,		"recurringPrice": 0},
    "<<Field7>>"	: {"initPrice": 0,		"recurringPrice": 0},
    "<<Field8>>"	: {"initPrice": 0,		"recurringPrice": 0},
    "<<Field9>>"	: {"initPrice": 0,		"recurringPrice": 0},
    "<<Field10>>"	: {"initPrice": 0,		"recurringPrice": 0},
    "<<Field11>>"	: {"initPrice": null,	"recurringPrice": null},
    "<<Field12>>"	: {"initPrice": null,	"recurringPrice": null},
    "<<Field13>>"	: {"initPrice": null,	"recurringPrice": null},
    "<<Field14>>"	: {"initPrice": null,	"recurringPrice": null},
    "<<Field15>>"	: {"initPrice": null,	"recurringPrice": null},
    "<<Field16>>"	: {"initPrice": 0,	 	"recurringPrice": 0},
    "<<Field17>>"	: {"initPrice": null,	"recurringPrice": null},
    "<<Field18>>"	: {"initPrice": null,	"recurringPrice": null},
    "<<Field19>>"	: {"initPrice": null,	"recurringPrice": null},
    "<<Field20>>"	: {"initPrice": null,	"recurringPrice": null},
    "<<Field21>>"	: {"initPrice": null,	"recurringPrice": null
    }
  }
  
}