{
  "@self"				: "/csa/api/service/offering/<<offeringID_AWS>>",
  "@type"				: "urn:x-hp:2012:software:cloud:data_model:service-offering",
  "tags"				: [],
  "icon"				: "/csa/api/blobstore/Server_RGB_blue_NT.png?tag=library",
  "name"				: "API_12Aug",
  "description"			: "1",
  "@created"			: "2016-08-12T06:55:47.934Z",
  "@modified"			: "2016-08-12T08:21:55.288Z",
  "@content_version"	: 3,
  "@deleted"			: false,
  "type"				: "Full",
  "hideInitialPrice"	: false,
  "hideRecurringPrice"	: false,
  "pricingExternal"		: false,
  "upgrades_from"		: [],
  "upgrades_to"			: [],
  "state"				: "UNPUBLISHED",
  "version"				: "1.0",
  "editByReqOrg"		: true,
  "upgrade"				: false,
  
  "topology"			: 
  {
    "uri"				: "/csa/api/service/design/90cd93984e00ca5a014e00f973ad07c9"
  },
  
  "ext"					: 
  {
    "csa_name_key"		: "API_12Aug_ad18ab2f-1a5b-4b19-a93d-c2ab3cd58e2c"
  },
  "design"				: 
  {
    "@self"				: "/csa/api/service/design/90cd93984e00ca5a014e00f973ad07c9",
    "@type"				: "urn:x-hp:2012:software:cloud:data_model:service-blueprint",
    "container"			: "90cd93984e00ca5a014e00f968330725",
    "name"				: "CSL_BP_VCENTER_COMPUTE_BASIC_OPTIONS_3.20_CP3.0",
    "version"			: "1.0.0",
    "type"				: "sequence",
    "updateAvailable"	: false
  },
  "container"			:
  {
    "@self"				: "/csa/api/service/offering/container/8a96c5c8364d41448e6ac5db8a392176",
    "@type"				: "urn:x-hp:2012:software:cloud:data_model:service-offering:collection"
  },
  "pricing": 
  {
		"base": 
		{
			"initial": 
			{
				"@self"					: "/csa/api/pricing/90e7957e564b64c301567d8908df0856",
				"value"					: 0,
				"pricingComputeType"	: "STATIC",
				"currency"				: "USD"
			},
			"recurrence": 
			{
				"@self"					: "/csa/api/pricing/90e7957e564b64c301567d8908df0855",
				"pricingComputeType"	: "STATIC",
				"period"				: "YEAR",
				"amount"				: 
				{
					"value"				: 0,
					"currency"			: "USD"
				}
			}
		}
  },
  "option_sets": 
  [
    {
      "@self"				: "/csa/api/service/offering/optionset/90e7957e564b64c301567d8909be085a",
      "@type"				: "urn:x-hp:2012:software:cloud:data_model:service-offering:option-set",
      "name"				: "Server Configuration",
      "description"			: "Supported Server Configurations",
      "original_name"		: null,
      "icon"				: "/csa/api/blobstore/RackServer.png?tag=library",
      "published"			: true,
      "locked"				: false,
      "initial_order_only"	: true,
      "multi_select"		: false,
	  "ext"					: 
	  {
        "csa_name_key"		: "B9183086-AE0A-2D98-B116-64F6F711A797"
      },
      "options": 
	  [
        {
          "@self"			: "/csa/api/service/offering/option/90e7957e564b64c301567d8909be085b",
          "@type"			: "urn:x-hp:2012:software:cloud:data_model:service-offering:option",
          "name"			: "Small",
          "description"		: "1 CPU(s), 2048MB Memory",
          "ext": 
		  {
            "csa_name_key"	: "904ECD17-5EE9-58FA-A50D-64F6F70E7C35"
          },
          "original_name"	: null,
          "published"		: true,
          "locked"			: false,
          "selected"		: true,
          "icon"			: null,
          "pricing": 
		  {
				"initial"	: 
				{
					"@self"					: "/csa/api/pricing/90e7957e564b64c301567d8909da08a5",
					"value"					: 0,
					"pricingComputeType"	: "STATIC",
					"currency"				: "USD"
				},
				"recurrence": 
				{
					"@self"					: "/csa/api/pricing/90e7957e564b64c301567d8909da08a6",
					"pricingComputeType"	: "STATIC",
					"period"				: "YEAR",
					"amount": 
					{
						"value"				: 0,
						"currency"			: "USD"
					}
				}
          },
          "properties": 
		  [
            {
              "@self"			: "/csa/api/service/offering/property/90e7957e564b64c301567d8909c0085c",
              "@type"			: "urn:x-hp:2012:software:cloud:data_model:metamodel:property",
              "name"			: "Memory (MB)",
              "description"		: null,
              "ext"				: 
			  {
                "csa_name_key"		: "memoryOp",
                "csa_confidential"	: false
              },
              "original_name"	: null,
              "published"		: false,
              "locked"			: true,
              "multiplied"		: false,
              "multiplier"		: false,
              "modifiable"		: true,
              "editable"		: false,
              "property_type"	: "NUMBER",
              "property_value"	:
			  {
                "name"			: "2048",
                "value"			: 2048,
                "description"	: null,
                "selected"		: false,
                "pricing": 
				{
					"initial"	: 
					{
						"@self"					: "/csa/api/pricing/90e7957e564b64c301567d8909c0085e",
						"value"					: 0,
						"pricingComputeType"	: "STATIC",
						"currency"				: "USD"
                  },
                  "recurrence": 
				  {
                    "@self"					: "/csa/api/pricing/90e7957e564b64c301567d8909c0085f",
                    "pricingComputeType"	: "STATIC",
                    "period"				: "YEAR",
                    "amount": {
                      "value": 0,
                      "currency": "USD"
                    }
                  }
                }
              },
              "constraints": [
                {
                  "@type": "urn:x-hp:2012:software:cloud:data_model:property:constraint:integer:min-value",
                  "min_value": 0,
                  "validate": false
                },
                {
                  "@type": "urn:x-hp:2012:software:cloud:data_model:property:constraint:integer:max-value",
                  "max_value": 100,
                  "validate": false
                },
                {
                  "@type": "urn:x-hp:2012:software:cloud:data_model:property:constraint:value:required",
                  "required": true,
                  "validate": true
                }
              ]
            },
            {
              "@self": "/csa/api/service/offering/property/90e7957e564b64c301567d8909c10861",
              "@type": "urn:x-hp:2012:software:cloud:data_model:metamodel:property",
              "name": "Number of CPUs",
              "description": null,
              "ext": {
                "csa_name_key": "nCPUOp",
                "csa_confidential": false
              },
              "original_name": null,
              "published": false,
              "locked": true,
              "multiplied": false,
              "multiplier": false,
              "modifiable": true,
              "editable": false,
              "property_type": "NUMBER",
              "property_value": {
                "name": "1",
                "value": 1,
                "description": null,
                "selected": false,
                "pricing": {
                  "initial": {
                    "@self": "/csa/api/pricing/90e7957e564b64c301567d8909c10863",
                    "value": 0,
                    "pricingComputeType": "STATIC",
                    "currency": "USD"
                  },
                  "recurrence": {
                    "@self": "/csa/api/pricing/90e7957e564b64c301567d8909c20864",
                    "pricingComputeType": "STATIC",
                    "period": "YEAR",
                    "amount": {
                      "value": 0,
                      "currency": "USD"
                    }
                  }
                }
              },
              "constraints": [
                {
                  "@type": "urn:x-hp:2012:software:cloud:data_model:property:constraint:value:required",
                  "required": true,
                  "validate": true
                }
              ]
            }
          ],
          "option_sets": [
            
          ]
        },
        {
          "@self": "/csa/api/service/offering/option/90e7957e564b64c301567d8909c20865",
          "@type": "urn:x-hp:2012:software:cloud:data_model:service-offering:option",
          "name": "Medium",
          "description": "2 CPU(s), 4096MB Memory",
          "ext": {
            "csa_name_key": "09F25E2D-D275-808E-D7EA-64F8CD082D4C"
          },
          "original_name": null,
          "published": true,
          "locked": false,
          "selected": false,
          "icon": null,
          "pricing": {
            "initial": {
              "@self": "/csa/api/pricing/90e7957e564b64c301567d8909da08a7",
              "value": 0,
              "pricingComputeType": "STATIC",
              "currency": "USD"
            },
            "recurrence": {
              "@self": "/csa/api/pricing/90e7957e564b64c301567d8909da08a8",
              "pricingComputeType": "STATIC",
              "period": "YEAR",
              "amount": {
                "value": 0,
                "currency": "USD"
              }
            }
          },
          "properties": [
            {
              "@self": "/csa/api/service/offering/property/90e7957e564b64c301567d8909c30866",
              "@type": "urn:x-hp:2012:software:cloud:data_model:metamodel:property",
              "name": "Memory (MB)",
              "description": null,
              "ext": {
                "csa_name_key": "memoryOp",
                "csa_confidential": false
              },
              "original_name": null,
              "published": false,
              "locked": true,
              "multiplied": false,
              "multiplier": false,
              "modifiable": true,
              "editable": false,
              "property_type": "NUMBER",
              "property_value": {
                "name": "4096",
                "value": 4096,
                "description": null,
                "selected": false,
                "pricing": {
                  "initial": {
                    "@self": "/csa/api/pricing/90e7957e564b64c301567d8909c40868",
                    "value": 0,
                    "pricingComputeType": "STATIC",
                    "currency": "USD"
                  },
                  "recurrence": {
                    "@self": "/csa/api/pricing/90e7957e564b64c301567d8909c40869",
                    "pricingComputeType": "STATIC",
                    "period": "YEAR",
                    "amount": {
                      "value": 0,
                      "currency": "USD"
                    }
                  }
                }
              },
              "constraints": [
                {
                  "@type": "urn:x-hp:2012:software:cloud:data_model:property:constraint:integer:min-value",
                  "min_value": 0,
                  "validate": false
                },
                {
                  "@type": "urn:x-hp:2012:software:cloud:data_model:property:constraint:integer:max-value",
                  "max_value": 100,
                  "validate": false
                },
                {
                  "@type": "urn:x-hp:2012:software:cloud:data_model:property:constraint:value:required",
                  "required": true,
                  "validate": true
                }
              ]
            },
            {
              "@self": "/csa/api/service/offering/property/90e7957e564b64c301567d8909c5086b",
              "@type": "urn:x-hp:2012:software:cloud:data_model:metamodel:property",
              "name": "Number of CPUs",
              "description": null,
              "ext": {
                "csa_name_key": "nCPUOp",
                "csa_confidential": false
              },
              "original_name": null,
              "published": false,
              "locked": true,
              "multiplied": false,
              "multiplier": false,
              "modifiable": true,
              "editable": false,
              "property_type": "NUMBER",
              "property_value": {
                "name": "2",
                "value": 2,
                "description": null,
                "selected": false,
                "pricing": {
                  "initial": {
                    "@self": "/csa/api/pricing/90e7957e564b64c301567d8909c5086d",
                    "value": 0,
                    "pricingComputeType": "STATIC",
                    "currency": "USD"
                  },
                  "recurrence": {
                    "@self": "/csa/api/pricing/90e7957e564b64c301567d8909c5086e",
                    "pricingComputeType": "STATIC",
                    "period": "YEAR",
                    "amount": {
                      "value": 0,
                      "currency": "USD"
                    }
                  }
                }
              },
              "constraints": [
                {
                  "@type": "urn:x-hp:2012:software:cloud:data_model:property:constraint:value:required",
                  "required": true,
                  "validate": true
                }
              ]
            }
          ],
          "option_sets": [
            
          ]
        },
        {
          "@self": "/csa/api/service/offering/option/90e7957e564b64c301567d8909c6086f",
          "@type": "urn:x-hp:2012:software:cloud:data_model:service-offering:option",
          "name": "Large",
          "description": "4 CPU(s), 8192MB Memory",
          "ext": {
            "csa_name_key": "FE6053CE-A02B-3377-3149-64F93EB0DFC3"
          },
          "original_name": null,
          "published": true,
          "locked": false,
          "selected": false,
          "icon": null,
          "pricing": {
            "initial": {
              "@self": "/csa/api/pricing/90e7957e564b64c301567d8909da08a9",
              "value": 0,
              "pricingComputeType": "STATIC",
              "currency": "USD"
            },
            "recurrence": {
              "@self": "/csa/api/pricing/90e7957e564b64c301567d8909da08aa",
              "pricingComputeType": "STATIC",
              "period": "YEAR",
              "amount": {
                "value": 0,
                "currency": "USD"
              }
            }
          },
          "properties": [
            {
              "@self": "/csa/api/service/offering/property/90e7957e564b64c301567d8909c70870",
              "@type": "urn:x-hp:2012:software:cloud:data_model:metamodel:property",
              "name": "Memory (MB)",
              "description": null,
              "ext": {
                "csa_name_key": "memoryOp",
                "csa_confidential": false
              },
              "original_name": null,
              "published": false,
              "locked": true,
              "multiplied": false,
              "multiplier": false,
              "modifiable": true,
              "editable": false,
              "property_type": "NUMBER",
              "property_value": {
                "name": "8192",
                "value": 8192,
                "description": null,
                "selected": false,
                "pricing": {
                  "initial": {
                    "@self": "/csa/api/pricing/90e7957e564b64c301567d8909c70872",
                    "value": 0,
                    "pricingComputeType": "STATIC",
                    "currency": "USD"
                  },
                  "recurrence": {
                    "@self": "/csa/api/pricing/90e7957e564b64c301567d8909c70873",
                    "pricingComputeType": "STATIC",
                    "period": "YEAR",
                    "amount": {
                      "value": 0,
                      "currency": "USD"
                    }
                  }
                }
              },
              "constraints": [
                {
                  "@type": "urn:x-hp:2012:software:cloud:data_model:property:constraint:integer:min-value",
                  "min_value": 0,
                  "validate": false
                },
                {
                  "@type": "urn:x-hp:2012:software:cloud:data_model:property:constraint:integer:max-value",
                  "max_value": 100,
                  "validate": false
                },
                {
                  "@type": "urn:x-hp:2012:software:cloud:data_model:property:constraint:value:required",
                  "required": true,
                  "validate": true
                }
              ]
            },
            {
              "@self": "/csa/api/service/offering/property/90e7957e564b64c301567d8909c80875",
              "@type": "urn:x-hp:2012:software:cloud:data_model:metamodel:property",
              "name": "Number of CPUs",
              "description": null,
              "ext": {
                "csa_name_key": "nCPUOp",
                "csa_confidential": false
              },
              "original_name": null,
              "published": false,
              "locked": true,
              "multiplied": false,
              "multiplier": false,
              "modifiable": true,
              "editable": false,
              "property_type": "NUMBER",
              "property_value": {
                "name": "4",
                "value": 4,
                "description": null,
                "selected": false,
                "pricing": {
                  "initial": {
                    "@self": "/csa/api/pricing/90e7957e564b64c301567d8909c90877",
                    "value": 0,
                    "pricingComputeType": "STATIC",
                    "currency": "USD"
                  },
                  "recurrence": {
                    "@self": "/csa/api/pricing/90e7957e564b64c301567d8909c90878",
                    "pricingComputeType": "STATIC",
                    "period": "YEAR",
                    "amount": {
                      "value": 0,
                      "currency": "USD"
                    }
                  }
                }
              },
              "constraints": [
                {
                  "@type": "urn:x-hp:2012:software:cloud:data_model:property:constraint:value:required",
                  "required": true,
                  "validate": true
                }
              ]
            }
          ],
          "option_sets": [
            
          ]
        }
      ]
    },
    {
      "@self": "/csa/api/service/offering/optionset/90e7957e564b64c301567d8909c90879",
      "@type": "urn:x-hp:2012:software:cloud:data_model:service-offering:option-set",
      "name": "OS",
      "description": "Operating System",
      "ext": {
        "csa_name_key": "473C6F2B-E6F4-5DB8-3816-64FC9097BE37"
      },
      "original_name": null,
      "icon": "/csa/api/blobstore/software_component.png?tag=library",
      "published": true,
      "locked": false,
      "initial_order_only": true,
      "multi_select": false,
      "options": [
        {
          "@self": "/csa/api/service/offering/option/90e7957e564b64c301567d8909ca087a",
          "@type": "urn:x-hp:2012:software:cloud:data_model:service-offering:option",
          "name": "Linux",
          "description": "Linux Operating System",
          "ext": {
            "csa_name_key": "2E8493EA-9AC2-8219-29DA-64FC90978A98"
          },
          "original_name": null,
          "published": true,
          "locked": false,
          "selected": true,
          "icon": null,
          "pricing": {
            "initial": {
              "@self": "/csa/api/pricing/90e7957e564b64c301567d8909da08ab",
              "value": 0,
              "pricingComputeType": "STATIC",
              "currency": "USD"
            },
            "recurrence": {
              "@self": "/csa/api/pricing/90e7957e564b64c301567d8909da08ac",
              "pricingComputeType": "STATIC",
              "period": "YEAR",
              "amount": {
                "value": 0,
                "currency": "USD"
              }
            }
          },
          "properties": [
            {
              "@self": "/csa/api/service/offering/property/90e7957e564b64c301567d8909cb087b",
              "@type": "urn:x-hp:2012:software:cloud:data_model:metamodel:property",
              "name": "Datacenter Name",
              "description": null,
              "ext": {
                "csa_name_key": "datacenterName",
                "csa_confidential": false
              },
              "original_name": null,
              "published": true,
              "locked": false,
              "multiplied": false,
              "multiplier": false,
              "modifiable": true,
              "editable": true,
              "property_type": "STRING",
              "property_value": "MiniLIT-Unit",
              "input_type": "INPUT",
              "constraints": [
                {
                  "@type": "urn:x-hp:2012:software:cloud:data_model:property:constraint:value:required",
                  "required": true,
                  "validate": true
                }
              ]
            },
            {
              "@self": "/csa/api/service/offering/property/90e7957e564b64c301567d8909cc087f",
              "@type": "urn:x-hp:2012:software:cloud:data_model:metamodel:property",
              "name": "Hostname Prefix",
              "description": null,
              "ext": {
                "csa_name_key": "hostNamePrefix",
                "csa_confidential": false
              },
              "original_name": null,
              "published": true,
              "locked": false,
              "multiplied": false,
              "multiplier": false,
              "modifiable": true,
              "editable": true,
              "property_type": "STRING",
              "property_value": "LinuxVM",
              "input_type": "INPUT",
              "constraints": [
                {
                  "@type": "urn:x-hp:2012:software:cloud:data_model:property:constraint:value:required",
                  "required": true,
                  "validate": true
                }
              ]
            },
            {
              "@self": "/csa/api/service/offering/property/90e7957e564b64c301567d8909ce0883",
              "@type": "urn:x-hp:2012:software:cloud:data_model:metamodel:property",
              "name": "VM Customization Specification",
              "description": null,
              "ext": {
                "csa_name_key": "customSpec",
                "csa_confidential": false
              },
              "original_name": null,
              "published": true,
              "locked": false,
              "multiplied": false,
              "multiplier": false,
              "modifiable": true,
              "editable": true,
              "property_type": "STRING",
              "property_value": "useVmName_Linux",
              "input_type": "INPUT",
              "constraints": [
                {
                  "@type": "urn:x-hp:2012:software:cloud:data_model:property:constraint:value:required",
                  "required": true,
                  "validate": true
                }
              ]
            },
            {
              "@self": "/csa/api/service/offering/property/90e7957e564b64c301567d8909cf0887",
              "@type": "urn:x-hp:2012:software:cloud:data_model:metamodel:property",
              "name": "VM Folder",
              "description": null,
              "ext": {
                "csa_name_key": "vmFolder",
                "csa_confidential": false
              },
              "original_name": null,
              "published": true,
              "locked": false,
              "multiplied": false,
              "multiplier": false,
              "modifiable": true,
              "editable": true,
              "property_type": "STRING",
              "property_value": "/LinuxInstances",
              "input_type": "INPUT",
              "constraints": [
                {
                  "@type": "urn:x-hp:2012:software:cloud:data_model:property:constraint:value:required",
                  "required": false,
                  "validate": true
                }
              ]
            },
            {
              "@self": "/csa/api/service/offering/property/90e7957e564b64c301567d8909d0088b",
              "@type": "urn:x-hp:2012:software:cloud:data_model:metamodel:property",
              "name": "VM Template Name",
              "description": null,
              "ext": {
                "csa_name_key": "templateReference",
                "csa_confidential": false
              },
              "original_name": null,
              "published": true,
              "locked": false,
              "multiplied": false,
              "multiplier": false,
              "modifiable": true,
              "editable": true,
              "property_type": "STRING",
              "property_value": "RHEL62x64-1NIC",
              "input_type": "INPUT",
              "constraints": [
                {
                  "@type": "urn:x-hp:2012:software:cloud:data_model:property:constraint:value:required",
                  "required": true,
                  "validate": true
                }
              ]
            }
          ],
          "option_sets": [
            
          ]
        },
        {
          "@self": "/csa/api/service/offering/option/90e7957e564b64c301567d8909d2088f",
          "@type": "urn:x-hp:2012:software:cloud:data_model:service-offering:option",
          "name": "Windows",
          "description": "Windows Operating System",
          "ext": {
            "csa_name_key": "3BDDF03D-2271-F641-518A-64FE2D48F282"
          },
          "original_name": null,
          "published": true,
          "locked": false,
          "selected": false,
          "icon": null,
          "pricing": {
            "initial": {
              "@self": "/csa/api/pricing/90e7957e564b64c301567d8909db08ad",
              "value": 0,
              "pricingComputeType": "STATIC",
              "currency": "USD"
            },
            "recurrence": {
              "@self": "/csa/api/pricing/90e7957e564b64c301567d8909db08ae",
              "pricingComputeType": "STATIC",
              "period": "YEAR",
              "amount": {
                "value": 0,
                "currency": "USD"
              }
            }
          },
          "properties": [
            {
              "@self": "/csa/api/service/offering/property/90e7957e564b64c301567d8909d30890",
              "@type": "urn:x-hp:2012:software:cloud:data_model:metamodel:property",
              "name": "Datacenter Name",
              "description": null,
              "ext": {
                "csa_name_key": "datacenterName",
                "csa_confidential": false
              },
              "original_name": null,
              "published": true,
              "locked": false,
              "multiplied": false,
              "multiplier": false,
              "modifiable": true,
              "editable": true,
              "property_type": "STRING",
              "property_value": "MiniLIT-Unit",
              "input_type": "INPUT",
              "constraints": [
                {
                  "@type": "urn:x-hp:2012:software:cloud:data_model:property:constraint:value:required",
                  "required": true,
                  "validate": true
                }
              ]
            },
            {
              "@self": "/csa/api/service/offering/property/90e7957e564b64c301567d8909d40894",
              "@type": "urn:x-hp:2012:software:cloud:data_model:metamodel:property",
              "name": "Hostname Prefix",
              "description": null,
              "ext": {
                "csa_name_key": "hostNamePrefix",
                "csa_confidential": false
              },
              "original_name": null,
              "published": true,
              "locked": false,
              "multiplied": false,
              "multiplier": false,
              "modifiable": true,
              "editable": true,
              "property_type": "STRING",
              "property_value": "WinVM",
              "input_type": "INPUT",
              "constraints": [
                {
                  "@type": "urn:x-hp:2012:software:cloud:data_model:property:constraint:value:required",
                  "required": true,
                  "validate": true
                }
              ]
            },
            {
              "@self": "/csa/api/service/offering/property/90e7957e564b64c301567d8909d50898",
              "@type": "urn:x-hp:2012:software:cloud:data_model:metamodel:property",
              "name": "VM Customization Specification",
              "description": null,
              "ext": {
                "csa_name_key": "customSpec",
                "csa_confidential": false
              },
              "original_name": null,
              "published": true,
              "locked": false,
              "multiplied": false,
              "multiplier": false,
              "modifiable": true,
              "editable": true,
              "property_type": "STRING",
              "property_value": "CSA_2008R2",
              "input_type": "INPUT",
              "constraints": [
                {
                  "@type": "urn:x-hp:2012:software:cloud:data_model:property:constraint:value:required",
                  "required": true,
                  "validate": true
                }
              ]
            },
            {
              "@self": "/csa/api/service/offering/property/90e7957e564b64c301567d8909d7089c",
              "@type": "urn:x-hp:2012:software:cloud:data_model:metamodel:property",
              "name": "VM Folder",
              "description": null,
              "ext": {
                "csa_name_key": "vmFolder",
                "csa_confidential": false
              },
              "original_name": null,
              "published": true,
              "locked": false,
              "multiplied": false,
              "multiplier": false,
              "modifiable": true,
              "editable": true,
              "property_type": "STRING",
              "property_value": "/WinInstances",
              "input_type": "INPUT",
              "constraints": [
                {
                  "@type": "urn:x-hp:2012:software:cloud:data_model:property:constraint:value:required",
                  "required": false,
                  "validate": true
                }
              ]
            },
            {
              "@self": "/csa/api/service/offering/property/90e7957e564b64c301567d8909d808a0",
              "@type": "urn:x-hp:2012:software:cloud:data_model:metamodel:property",
              "name": "VM Template Name",
              "description": null,
              "ext": {
                "csa_name_key": "templateReference",
                "csa_confidential": false
              },
              "original_name": null,
              "published": true,
              "locked": false,
              "multiplied": false,
              "multiplier": false,
              "modifiable": true,
              "editable": true,
              "property_type": "STRING",
              "property_value": "2008R2",
              "input_type": "INPUT",
              "constraints": [
                {
                  "@type": "urn:x-hp:2012:software:cloud:data_model:property:constraint:value:required",
                  "required": true,
                  "validate": true
                }
              ]
            }
          ],
          "option_sets": 
		  [
            
          ]
        }
      ]
    }
  ]
}