{"Results":{"GeneralInfo":{"Name":null,"RunStartTime":"2016-04-19 04:46:41.902","Timezone":"Pacific Standard Time","OrchestrationToolName":"JUnit","OrchestrationToolVersion":null,"ReportTitle":"LeanFT Report"},"ReportNode":{"@type":"Run","Data":{"Name":"Run Results","Description":{"#cdata-section":" "},"StartTime":"2016-04-19 04:46:41.902","Result":"Passed","Links":null,"Duration":"4","Extension":{"Any":{"IconKey":"Run","IsHtmlErrorText":"true"}},"Environment":{"OSInfo":"Microsoft Windows NT 6.2.9200.0","HostName":"WIN-22084CMJ2B6","NumberOfCores":"2","CpuInfo":null,"TotalMemory":"4095","Locale":"en-US","Timezone":"Pacific Standard Time","User":"Administrator"},"TestedApplication":null,"ToolName":"LeanFT"},"ReportNode":[{"@type":"Package","Data":{"Name":"csatest","Description":{"#cdata-section":"Version: N/A"},"StartTime":"2016-04-19 04:46:42.010","Result":"Passed","Links":null,"Duration":"3","Extension":{"Any":{"IconKey":"Package","IsHtmlErrorText":"true"}}},"ReportNode":[{"@type":"Class","Data":{"Name":"csatest.TestMain","Description":null,"StartTime":"2016-04-19 04:46:42.010","Result":"Passed","Links":null,"Duration":"3","Extension":{"Any":{"IconKey":"Class","IsHtmlErrorText":"true"}}},"ReportNode":[{"@type":"Test","Data":{"Name":"testProvider","Description":null,"StartTime":"2016-04-19 04:46:42.014","Result":"Passed","Links":null,"Duration":"3","Extension":{"Any":{"IconKey":"Test","IsHtmlErrorText":"true"}}},"ReportNode":[{"@type":"Verification","Data":{"Name":"Verification","Description":null,"StartTime":"2016-04-19 04:46:42.802","Result":"Passed","Links":null,"Extension":{"Any":{"Verification":{"Operation":"areEqual","Data":"<style>.ex-table{border-collapse: collapse !important;width: auto;height: auto;}.ex-table,.ex-table tr,.ex-table td{border: 1px solid #c6c6c6;}.ex-table td{padding: 5px 10px;vertical-align: top;width: auto;}.ex-table .ex-name{font-size: 13px;font-weight: bold;background-color: #f3f3f3;white-space: nowrap;}.ex-table .ex-value{color: #5a5a5a;}</style><table class='ex-table'><tr><td class='ex-name'>arg0</td><td class='ex-name'>arg1</td></tr><tr><style>.ex-table{border-collapse: collapse !important;width: auto;height: auto;}.ex-table,.ex-table tr,.ex-table td{border: 1px solid #c6c6c6;}.ex-table td{padding: 5px 10px;vertical-align: top;width: auto;}.ex-table .ex-name{font-size: 13px;font-weight: bold;background-color: #f3f3f3;white-space: nowrap;}.ex-table .ex-value{color: #5a5a5a;}</style><tr><td class='ex-value'><style>.ex-table{border-collapse: collapse !important;width: auto;height: auto;}.ex-table,.ex-table tr,.ex-table td{border: 1px solid #c6c6c6;}.ex-table td{padding: 5px 10px;vertical-align: top;width: auto;}.ex-table .ex-name{font-size: 13px;font-weight: bold;background-color: #f3f3f3;white-space: nowrap;}.ex-table .ex-value{color: #5a5a5a;}</style><table class='ex-table'>&quot;xAuthToken&quot;</table></td><td class='ex-value'><style>.ex-table{border-collapse: collapse !important;width: auto;height: auto;}.ex-table,.ex-table tr,.ex-table td{border: 1px solid #c6c6c6;}.ex-table td{padding: 5px 10px;vertical-align: top;width: auto;}.ex-table .ex-name{font-size: 13px;font-weight: bold;background-color: #f3f3f3;white-space: nowrap;}.ex-table .ex-value{color: #5a5a5a;}</style><table class='ex-table'>&quot;xAuthToken&quot;</table></td></tr></tr></table>"},"IsHtmlErrorText":"true","IconKey":"VerifySuccess","CustomUIElements":{"DescriptionLabel":"Data","ErrorListItemStatusIndicatorIconKey":"VerifySuccess","HideFlowTreeNodeStatusIndicator":"true"}}}}},{"@type":"CustomStep","Data":{"Name":"Assertion : getXToken","Description":{"#cdata-section":"Actual : xAuthToken,   Expected : xAuthToken"},"StartTime":"2016-04-19 04:46:42.804","Result":"Passed","Links":null,"Duration":"0","Extension":{"Any":{"IconKey":"CustomStep","IsHtmlErrorText":"true"}}}},{"@type":"Verification","Data":{"Name":"Verification","Description":null,"StartTime":"2016-04-19 04:46:43.859","Result":"Passed","Links":null,"Extension":{"Any":{"Verification":{"Operation":"areEqual","Data":"<style>.ex-table{border-collapse: collapse !important;width: auto;height: auto;}.ex-table,.ex-table tr,.ex-table td{border: 1px solid #c6c6c6;}.ex-table td{padding: 5px 10px;vertical-align: top;width: auto;}.ex-table .ex-name{font-size: 13px;font-weight: bold;background-color: #f3f3f3;white-space: nowrap;}.ex-table .ex-value{color: #5a5a5a;}</style><table class='ex-table'><tr><td class='ex-name'>arg0</td><td class='ex-name'>arg1</td></tr><tr><style>.ex-table{border-collapse: collapse !important;width: auto;height: auto;}.ex-table,.ex-table tr,.ex-table td{border: 1px solid #c6c6c6;}.ex-table td{padding: 5px 10px;vertical-align: top;width: auto;}.ex-table .ex-name{font-size: 13px;font-weight: bold;background-color: #f3f3f3;white-space: nowrap;}.ex-table .ex-value{color: #5a5a5a;}</style><tr><td class='ex-value'><style>.ex-table{border-collapse: collapse !important;width: auto;height: auto;}.ex-table,.ex-table tr,.ex-table td{border: 1px solid #c6c6c6;}.ex-table td{padding: 5px 10px;vertical-align: top;width: auto;}.ex-table .ex-name{font-size: 13px;font-weight: bold;background-color: #f3f3f3;white-space: nowrap;}.ex-table .ex-value{color: #5a5a5a;}</style><table class='ex-table'>&quot;20.0&quot;</table></td><td class='ex-value'><style>.ex-table{border-collapse: collapse !important;width: auto;height: auto;}.ex-table,.ex-table tr,.ex-table td{border: 1px solid #c6c6c6;}.ex-table td{padding: 5px 10px;vertical-align: top;width: auto;}.ex-table .ex-name{font-size: 13px;font-weight: bold;background-color: #f3f3f3;white-space: nowrap;}.ex-table .ex-value{color: #5a5a5a;}</style><table class='ex-table'>&quot;20.0&quot;</table></td></tr></tr></table>"},"IsHtmlErrorText":"true","IconKey":"VerifySuccess","CustomUIElements":{"DescriptionLabel":"Data","ErrorListItemStatusIndicatorIconKey":"VerifySuccess","HideFlowTreeNodeStatusIndicator":"true"}}}}},{"@type":"CustomStep","Data":{"Name":"Assertion : getOrganizations","Description":{"#cdata-section":"Actual Organization Count : 20.0,Expected Organization Count : 20.0"},"StartTime":"2016-04-19 04:46:43.859","Result":"Passed","Links":null,"Duration":"0","Extension":{"Any":{"IconKey":"CustomStep","IsHtmlErrorText":"true"}}}}]}]}]}]}}}