{
  "name": "rangeslider.js",
  "version": "0.2.8",
  "main": "dist/rangeslider.js",
  "homepage": "https://github.com/andreruffert/rangeslider.js",
  "author": "André Ruffert",
  "license": "MIT",
  "description": "Simple, small and fast JavaScript/jQuery polyfill for the HTML5 <input type=\"range\"> slider element",
  "keywords": [
    "input",
    "range",
    "slider",
    "rangeslider",
    "rangeslider.js",
    "polyfill"
  ],
  "ignore": [
    "**/.*",
    "src",
    "example",
    "node_modules",
    "bower_components",
    "bower.json",
    "Gruntfile.js",
    "package.json"
  ],
  "_release": "0.2.8",
  "_resolution": {
    "type": "version",
    "tag": "v0.2.8",
    "commit": "88c82ba9007ef186a42c5f8c0954410212405bb9"
  },
  "_source": "git://github.com/andreruffert/rangeslider.js.git",
  "_target": "~0.2.8",
  "_originalSource": "rangeslider.js",
  "_direct": true
}